<?xml version="1.0"?>
<dump>
  <enum name="AtspiLocaleType" get-type="atspi_locale_type_get_type">
    <member name="ATSPI_LOCALE_TYPE_MESSAGES" nick="messages" value="0"/>
    <member name="ATSPI_LOCALE_TYPE_COLLATE" nick="collate" value="1"/>
    <member name="ATSPI_LOCALE_TYPE_CTYPE" nick="ctype" value="2"/>
    <member name="ATSPI_LOCALE_TYPE_MONETARY" nick="monetary" value="3"/>
    <member name="ATSPI_LOCALE_TYPE_NUMERIC" nick="numeric" value="4"/>
    <member name="ATSPI_LOCALE_TYPE_TIME" nick="time" value="5"/>
  </enum>  <enum name="AtspiCoordType" get-type="atspi_coord_type_get_type">
    <member name="ATSPI_COORD_TYPE_SCREEN" nick="screen" value="0"/>
    <member name="ATSPI_COORD_TYPE_WINDOW" nick="window" value="1"/>
    <member name="ATSPI_COORD_TYPE_PARENT" nick="parent" value="2"/>
  </enum>  <enum name="AtspiCollectionSortOrder" get-type="atspi_collection_sort_order_get_type">
    <member name="ATSPI_Collection_SORT_ORDER_INVALID" nick="invalid" value="0"/>
    <member name="ATSPI_Collection_SORT_ORDER_CANONICAL" nick="canonical" value="1"/>
    <member name="ATSPI_Collection_SORT_ORDER_FLOW" nick="flow" value="2"/>
    <member name="ATSPI_Collection_SORT_ORDER_TAB" nick="tab" value="3"/>
    <member name="ATSPI_Collection_SORT_ORDER_REVERSE_CANONICAL" nick="reverse-canonical" value="4"/>
    <member name="ATSPI_Collection_SORT_ORDER_REVERSE_FLOW" nick="reverse-flow" value="5"/>
    <member name="ATSPI_Collection_SORT_ORDER_REVERSE_TAB" nick="reverse-tab" value="6"/>
    <member name="ATSPI_Collection_SORT_ORDER_LAST_DEFINED" nick="last-defined" value="7"/>
  </enum>  <enum name="AtspiCollectionMatchType" get-type="atspi_collection_match_type_get_type">
    <member name="ATSPI_Collection_MATCH_INVALID" nick="invalid" value="0"/>
    <member name="ATSPI_Collection_MATCH_ALL" nick="all" value="1"/>
    <member name="ATSPI_Collection_MATCH_ANY" nick="any" value="2"/>
    <member name="ATSPI_Collection_MATCH_NONE" nick="none" value="3"/>
    <member name="ATSPI_Collection_MATCH_EMPTY" nick="empty" value="4"/>
    <member name="ATSPI_Collection_MATCH_LAST_DEFINED" nick="last-defined" value="5"/>
  </enum>  <enum name="AtspiCollectionTreeTraversalType" get-type="atspi_collection_tree_traversal_type_get_type">
    <member name="ATSPI_Collection_TREE_RESTRICT_CHILDREN" nick="restrict-children" value="0"/>
    <member name="ATSPI_Collection_TREE_RESTRICT_SIBLING" nick="restrict-sibling" value="1"/>
    <member name="ATSPI_Collection_TREE_INORDER" nick="inorder" value="2"/>
    <member name="ATSPI_Collection_TREE_LAST_DEFINED" nick="last-defined" value="3"/>
  </enum>  <enum name="AtspiComponentLayer" get-type="atspi_component_layer_get_type">
    <member name="ATSPI_LAYER_INVALID" nick="invalid" value="0"/>
    <member name="ATSPI_LAYER_BACKGROUND" nick="background" value="1"/>
    <member name="ATSPI_LAYER_CANVAS" nick="canvas" value="2"/>
    <member name="ATSPI_LAYER_WIDGET" nick="widget" value="3"/>
    <member name="ATSPI_LAYER_MDI" nick="mdi" value="4"/>
    <member name="ATSPI_LAYER_POPUP" nick="popup" value="5"/>
    <member name="ATSPI_LAYER_OVERLAY" nick="overlay" value="6"/>
    <member name="ATSPI_LAYER_WINDOW" nick="window" value="7"/>
    <member name="ATSPI_LAYER_LAST_DEFINED" nick="last-defined" value="8"/>
  </enum>  <enum name="AtspiTextBoundaryType" get-type="atspi_text_boundary_type_get_type">
    <member name="ATSPI_TEXT_BOUNDARY_CHAR" nick="char" value="0"/>
    <member name="ATSPI_TEXT_BOUNDARY_WORD_START" nick="word-start" value="1"/>
    <member name="ATSPI_TEXT_BOUNDARY_WORD_END" nick="word-end" value="2"/>
    <member name="ATSPI_TEXT_BOUNDARY_SENTENCE_START" nick="sentence-start" value="3"/>
    <member name="ATSPI_TEXT_BOUNDARY_SENTENCE_END" nick="sentence-end" value="4"/>
    <member name="ATSPI_TEXT_BOUNDARY_LINE_START" nick="line-start" value="5"/>
    <member name="ATSPI_TEXT_BOUNDARY_LINE_END" nick="line-end" value="6"/>
  </enum>  <enum name="AtspiTextGranularity" get-type="atspi_text_granularity_get_type">
    <member name="ATSPI_TEXT_GRANULARITY_CHAR" nick="char" value="0"/>
    <member name="ATSPI_TEXT_GRANULARITY_WORD" nick="word" value="1"/>
    <member name="ATSPI_TEXT_GRANULARITY_SENTENCE" nick="sentence" value="2"/>
    <member name="ATSPI_TEXT_GRANULARITY_LINE" nick="line" value="3"/>
    <member name="ATSPI_TEXT_GRANULARITY_PARAGRAPH" nick="paragraph" value="4"/>
  </enum>  <enum name="AtspiTextClipType" get-type="atspi_text_clip_type_get_type">
    <member name="ATSPI_TEXT_CLIP_NONE" nick="none" value="0"/>
    <member name="ATSPI_TEXT_CLIP_MIN" nick="min" value="1"/>
    <member name="ATSPI_TEXT_CLIP_MAX" nick="max" value="2"/>
    <member name="ATSPI_TEXT_CLIP_BOTH" nick="both" value="3"/>
  </enum>  <enum name="AtspiStateType" get-type="atspi_state_type_get_type">
    <member name="ATSPI_STATE_INVALID" nick="invalid" value="0"/>
    <member name="ATSPI_STATE_ACTIVE" nick="active" value="1"/>
    <member name="ATSPI_STATE_ARMED" nick="armed" value="2"/>
    <member name="ATSPI_STATE_BUSY" nick="busy" value="3"/>
    <member name="ATSPI_STATE_CHECKED" nick="checked" value="4"/>
    <member name="ATSPI_STATE_COLLAPSED" nick="collapsed" value="5"/>
    <member name="ATSPI_STATE_DEFUNCT" nick="defunct" value="6"/>
    <member name="ATSPI_STATE_EDITABLE" nick="editable" value="7"/>
    <member name="ATSPI_STATE_ENABLED" nick="enabled" value="8"/>
    <member name="ATSPI_STATE_EXPANDABLE" nick="expandable" value="9"/>
    <member name="ATSPI_STATE_EXPANDED" nick="expanded" value="10"/>
    <member name="ATSPI_STATE_FOCUSABLE" nick="focusable" value="11"/>
    <member name="ATSPI_STATE_FOCUSED" nick="focused" value="12"/>
    <member name="ATSPI_STATE_HAS_TOOLTIP" nick="has-tooltip" value="13"/>
    <member name="ATSPI_STATE_HORIZONTAL" nick="horizontal" value="14"/>
    <member name="ATSPI_STATE_ICONIFIED" nick="iconified" value="15"/>
    <member name="ATSPI_STATE_MODAL" nick="modal" value="16"/>
    <member name="ATSPI_STATE_MULTI_LINE" nick="multi-line" value="17"/>
    <member name="ATSPI_STATE_MULTISELECTABLE" nick="multiselectable" value="18"/>
    <member name="ATSPI_STATE_OPAQUE" nick="opaque" value="19"/>
    <member name="ATSPI_STATE_PRESSED" nick="pressed" value="20"/>
    <member name="ATSPI_STATE_RESIZABLE" nick="resizable" value="21"/>
    <member name="ATSPI_STATE_SELECTABLE" nick="selectable" value="22"/>
    <member name="ATSPI_STATE_SELECTED" nick="selected" value="23"/>
    <member name="ATSPI_STATE_SENSITIVE" nick="sensitive" value="24"/>
    <member name="ATSPI_STATE_SHOWING" nick="showing" value="25"/>
    <member name="ATSPI_STATE_SINGLE_LINE" nick="single-line" value="26"/>
    <member name="ATSPI_STATE_STALE" nick="stale" value="27"/>
    <member name="ATSPI_STATE_TRANSIENT" nick="transient" value="28"/>
    <member name="ATSPI_STATE_VERTICAL" nick="vertical" value="29"/>
    <member name="ATSPI_STATE_VISIBLE" nick="visible" value="30"/>
    <member name="ATSPI_STATE_MANAGES_DESCENDANTS" nick="manages-descendants" value="31"/>
    <member name="ATSPI_STATE_INDETERMINATE" nick="indeterminate" value="32"/>
    <member name="ATSPI_STATE_REQUIRED" nick="required" value="33"/>
    <member name="ATSPI_STATE_TRUNCATED" nick="truncated" value="34"/>
    <member name="ATSPI_STATE_ANIMATED" nick="animated" value="35"/>
    <member name="ATSPI_STATE_INVALID_ENTRY" nick="invalid-entry" value="36"/>
    <member name="ATSPI_STATE_SUPPORTS_AUTOCOMPLETION" nick="supports-autocompletion" value="37"/>
    <member name="ATSPI_STATE_SELECTABLE_TEXT" nick="selectable-text" value="38"/>
    <member name="ATSPI_STATE_IS_DEFAULT" nick="is-default" value="39"/>
    <member name="ATSPI_STATE_VISITED" nick="visited" value="40"/>
    <member name="ATSPI_STATE_CHECKABLE" nick="checkable" value="41"/>
    <member name="ATSPI_STATE_HAS_POPUP" nick="has-popup" value="42"/>
    <member name="ATSPI_STATE_READ_ONLY" nick="read-only" value="43"/>
    <member name="ATSPI_STATE_LAST_DEFINED" nick="last-defined" value="44"/>
  </enum>  <enum name="AtspiKeyEventType" get-type="atspi_key_event_type_get_type">
    <member name="ATSPI_KEY_PRESSED" nick="pressed" value="0"/>
    <member name="ATSPI_KEY_RELEASED" nick="released" value="1"/>
  </enum>  <enum name="AtspiEventType" get-type="atspi_event_type_get_type">
    <member name="ATSPI_KEY_PRESSED_EVENT" nick="key-pressed-event" value="0"/>
    <member name="ATSPI_KEY_RELEASED_EVENT" nick="key-released-event" value="1"/>
    <member name="ATSPI_BUTTON_PRESSED_EVENT" nick="button-pressed-event" value="2"/>
    <member name="ATSPI_BUTTON_RELEASED_EVENT" nick="button-released-event" value="3"/>
  </enum>  <enum name="AtspiKeySynthType" get-type="atspi_key_synth_type_get_type">
    <member name="ATSPI_KEY_PRESS" nick="press" value="0"/>
    <member name="ATSPI_KEY_RELEASE" nick="release" value="1"/>
    <member name="ATSPI_KEY_PRESSRELEASE" nick="pressrelease" value="2"/>
    <member name="ATSPI_KEY_SYM" nick="sym" value="3"/>
    <member name="ATSPI_KEY_STRING" nick="string" value="4"/>
    <member name="ATSPI_KEY_LOCKMODIFIERS" nick="lockmodifiers" value="5"/>
    <member name="ATSPI_KEY_UNLOCKMODIFIERS" nick="unlockmodifiers" value="6"/>
  </enum>  <enum name="AtspiModifierType" get-type="atspi_modifier_type_get_type">
    <member name="ATSPI_MODIFIER_SHIFT" nick="shift" value="0"/>
    <member name="ATSPI_MODIFIER_SHIFTLOCK" nick="shiftlock" value="1"/>
    <member name="ATSPI_MODIFIER_CONTROL" nick="control" value="2"/>
    <member name="ATSPI_MODIFIER_ALT" nick="alt" value="3"/>
    <member name="ATSPI_MODIFIER_META" nick="meta" value="4"/>
    <member name="ATSPI_MODIFIER_META2" nick="meta2" value="5"/>
    <member name="ATSPI_MODIFIER_META3" nick="meta3" value="6"/>
    <member name="ATSPI_MODIFIER_NUMLOCK" nick="numlock" value="14"/>
  </enum>  <enum name="AtspiRelationType" get-type="atspi_relation_type_get_type">
    <member name="ATSPI_RELATION_NULL" nick="null" value="0"/>
    <member name="ATSPI_RELATION_LABEL_FOR" nick="label-for" value="1"/>
    <member name="ATSPI_RELATION_LABELLED_BY" nick="labelled-by" value="2"/>
    <member name="ATSPI_RELATION_CONTROLLER_FOR" nick="controller-for" value="3"/>
    <member name="ATSPI_RELATION_CONTROLLED_BY" nick="controlled-by" value="4"/>
    <member name="ATSPI_RELATION_MEMBER_OF" nick="member-of" value="5"/>
    <member name="ATSPI_RELATION_TOOLTIP_FOR" nick="tooltip-for" value="6"/>
    <member name="ATSPI_RELATION_NODE_CHILD_OF" nick="node-child-of" value="7"/>
    <member name="ATSPI_RELATION_NODE_PARENT_OF" nick="node-parent-of" value="8"/>
    <member name="ATSPI_RELATION_EXTENDED" nick="extended" value="9"/>
    <member name="ATSPI_RELATION_FLOWS_TO" nick="flows-to" value="10"/>
    <member name="ATSPI_RELATION_FLOWS_FROM" nick="flows-from" value="11"/>
    <member name="ATSPI_RELATION_SUBWINDOW_OF" nick="subwindow-of" value="12"/>
    <member name="ATSPI_RELATION_EMBEDS" nick="embeds" value="13"/>
    <member name="ATSPI_RELATION_EMBEDDED_BY" nick="embedded-by" value="14"/>
    <member name="ATSPI_RELATION_POPUP_FOR" nick="popup-for" value="15"/>
    <member name="ATSPI_RELATION_PARENT_WINDOW_OF" nick="parent-window-of" value="16"/>
    <member name="ATSPI_RELATION_DESCRIPTION_FOR" nick="description-for" value="17"/>
    <member name="ATSPI_RELATION_DESCRIBED_BY" nick="described-by" value="18"/>
    <member name="ATSPI_RELATION_DETAILS" nick="details" value="19"/>
    <member name="ATSPI_RELATION_DETAILS_FOR" nick="details-for" value="20"/>
    <member name="ATSPI_RELATION_ERROR_MESSAGE" nick="error-message" value="21"/>
    <member name="ATSPI_RELATION_ERROR_FOR" nick="error-for" value="22"/>
    <member name="ATSPI_RELATION_LAST_DEFINED" nick="last-defined" value="23"/>
  </enum>  <enum name="AtspiRole" get-type="atspi_role_get_type">
    <member name="ATSPI_ROLE_INVALID" nick="invalid" value="0"/>
    <member name="ATSPI_ROLE_ACCELERATOR_LABEL" nick="accelerator-label" value="1"/>
    <member name="ATSPI_ROLE_ALERT" nick="alert" value="2"/>
    <member name="ATSPI_ROLE_ANIMATION" nick="animation" value="3"/>
    <member name="ATSPI_ROLE_ARROW" nick="arrow" value="4"/>
    <member name="ATSPI_ROLE_CALENDAR" nick="calendar" value="5"/>
    <member name="ATSPI_ROLE_CANVAS" nick="canvas" value="6"/>
    <member name="ATSPI_ROLE_CHECK_BOX" nick="check-box" value="7"/>
    <member name="ATSPI_ROLE_CHECK_MENU_ITEM" nick="check-menu-item" value="8"/>
    <member name="ATSPI_ROLE_COLOR_CHOOSER" nick="color-chooser" value="9"/>
    <member name="ATSPI_ROLE_COLUMN_HEADER" nick="column-header" value="10"/>
    <member name="ATSPI_ROLE_COMBO_BOX" nick="combo-box" value="11"/>
    <member name="ATSPI_ROLE_DATE_EDITOR" nick="date-editor" value="12"/>
    <member name="ATSPI_ROLE_DESKTOP_ICON" nick="desktop-icon" value="13"/>
    <member name="ATSPI_ROLE_DESKTOP_FRAME" nick="desktop-frame" value="14"/>
    <member name="ATSPI_ROLE_DIAL" nick="dial" value="15"/>
    <member name="ATSPI_ROLE_DIALOG" nick="dialog" value="16"/>
    <member name="ATSPI_ROLE_DIRECTORY_PANE" nick="directory-pane" value="17"/>
    <member name="ATSPI_ROLE_DRAWING_AREA" nick="drawing-area" value="18"/>
    <member name="ATSPI_ROLE_FILE_CHOOSER" nick="file-chooser" value="19"/>
    <member name="ATSPI_ROLE_FILLER" nick="filler" value="20"/>
    <member name="ATSPI_ROLE_FOCUS_TRAVERSABLE" nick="focus-traversable" value="21"/>
    <member name="ATSPI_ROLE_FONT_CHOOSER" nick="font-chooser" value="22"/>
    <member name="ATSPI_ROLE_FRAME" nick="frame" value="23"/>
    <member name="ATSPI_ROLE_GLASS_PANE" nick="glass-pane" value="24"/>
    <member name="ATSPI_ROLE_HTML_CONTAINER" nick="html-container" value="25"/>
    <member name="ATSPI_ROLE_ICON" nick="icon" value="26"/>
    <member name="ATSPI_ROLE_IMAGE" nick="image" value="27"/>
    <member name="ATSPI_ROLE_INTERNAL_FRAME" nick="internal-frame" value="28"/>
    <member name="ATSPI_ROLE_LABEL" nick="label" value="29"/>
    <member name="ATSPI_ROLE_LAYERED_PANE" nick="layered-pane" value="30"/>
    <member name="ATSPI_ROLE_LIST" nick="list" value="31"/>
    <member name="ATSPI_ROLE_LIST_ITEM" nick="list-item" value="32"/>
    <member name="ATSPI_ROLE_MENU" nick="menu" value="33"/>
    <member name="ATSPI_ROLE_MENU_BAR" nick="menu-bar" value="34"/>
    <member name="ATSPI_ROLE_MENU_ITEM" nick="menu-item" value="35"/>
    <member name="ATSPI_ROLE_OPTION_PANE" nick="option-pane" value="36"/>
    <member name="ATSPI_ROLE_PAGE_TAB" nick="page-tab" value="37"/>
    <member name="ATSPI_ROLE_PAGE_TAB_LIST" nick="page-tab-list" value="38"/>
    <member name="ATSPI_ROLE_PANEL" nick="panel" value="39"/>
    <member name="ATSPI_ROLE_PASSWORD_TEXT" nick="password-text" value="40"/>
    <member name="ATSPI_ROLE_POPUP_MENU" nick="popup-menu" value="41"/>
    <member name="ATSPI_ROLE_PROGRESS_BAR" nick="progress-bar" value="42"/>
    <member name="ATSPI_ROLE_BUTTON" nick="button" value="43"/>
    <member name="ATSPI_ROLE_RADIO_BUTTON" nick="radio-button" value="44"/>
    <member name="ATSPI_ROLE_RADIO_MENU_ITEM" nick="radio-menu-item" value="45"/>
    <member name="ATSPI_ROLE_ROOT_PANE" nick="root-pane" value="46"/>
    <member name="ATSPI_ROLE_ROW_HEADER" nick="row-header" value="47"/>
    <member name="ATSPI_ROLE_SCROLL_BAR" nick="scroll-bar" value="48"/>
    <member name="ATSPI_ROLE_SCROLL_PANE" nick="scroll-pane" value="49"/>
    <member name="ATSPI_ROLE_SEPARATOR" nick="separator" value="50"/>
    <member name="ATSPI_ROLE_SLIDER" nick="slider" value="51"/>
    <member name="ATSPI_ROLE_SPIN_BUTTON" nick="spin-button" value="52"/>
    <member name="ATSPI_ROLE_SPLIT_PANE" nick="split-pane" value="53"/>
    <member name="ATSPI_ROLE_STATUS_BAR" nick="status-bar" value="54"/>
    <member name="ATSPI_ROLE_TABLE" nick="table" value="55"/>
    <member name="ATSPI_ROLE_TABLE_CELL" nick="table-cell" value="56"/>
    <member name="ATSPI_ROLE_TABLE_COLUMN_HEADER" nick="table-column-header" value="57"/>
    <member name="ATSPI_ROLE_TABLE_ROW_HEADER" nick="table-row-header" value="58"/>
    <member name="ATSPI_ROLE_TEAROFF_MENU_ITEM" nick="tearoff-menu-item" value="59"/>
    <member name="ATSPI_ROLE_TERMINAL" nick="terminal" value="60"/>
    <member name="ATSPI_ROLE_TEXT" nick="text" value="61"/>
    <member name="ATSPI_ROLE_TOGGLE_BUTTON" nick="toggle-button" value="62"/>
    <member name="ATSPI_ROLE_TOOL_BAR" nick="tool-bar" value="63"/>
    <member name="ATSPI_ROLE_TOOL_TIP" nick="tool-tip" value="64"/>
    <member name="ATSPI_ROLE_TREE" nick="tree" value="65"/>
    <member name="ATSPI_ROLE_TREE_TABLE" nick="tree-table" value="66"/>
    <member name="ATSPI_ROLE_UNKNOWN" nick="unknown" value="67"/>
    <member name="ATSPI_ROLE_VIEWPORT" nick="viewport" value="68"/>
    <member name="ATSPI_ROLE_WINDOW" nick="window" value="69"/>
    <member name="ATSPI_ROLE_EXTENDED" nick="extended" value="70"/>
    <member name="ATSPI_ROLE_HEADER" nick="header" value="71"/>
    <member name="ATSPI_ROLE_FOOTER" nick="footer" value="72"/>
    <member name="ATSPI_ROLE_PARAGRAPH" nick="paragraph" value="73"/>
    <member name="ATSPI_ROLE_RULER" nick="ruler" value="74"/>
    <member name="ATSPI_ROLE_APPLICATION" nick="application" value="75"/>
    <member name="ATSPI_ROLE_AUTOCOMPLETE" nick="autocomplete" value="76"/>
    <member name="ATSPI_ROLE_EDITBAR" nick="editbar" value="77"/>
    <member name="ATSPI_ROLE_EMBEDDED" nick="embedded" value="78"/>
    <member name="ATSPI_ROLE_ENTRY" nick="entry" value="79"/>
    <member name="ATSPI_ROLE_CHART" nick="chart" value="80"/>
    <member name="ATSPI_ROLE_CAPTION" nick="caption" value="81"/>
    <member name="ATSPI_ROLE_DOCUMENT_FRAME" nick="document-frame" value="82"/>
    <member name="ATSPI_ROLE_HEADING" nick="heading" value="83"/>
    <member name="ATSPI_ROLE_PAGE" nick="page" value="84"/>
    <member name="ATSPI_ROLE_SECTION" nick="section" value="85"/>
    <member name="ATSPI_ROLE_REDUNDANT_OBJECT" nick="redundant-object" value="86"/>
    <member name="ATSPI_ROLE_FORM" nick="form" value="87"/>
    <member name="ATSPI_ROLE_LINK" nick="link" value="88"/>
    <member name="ATSPI_ROLE_INPUT_METHOD_WINDOW" nick="input-method-window" value="89"/>
    <member name="ATSPI_ROLE_TABLE_ROW" nick="table-row" value="90"/>
    <member name="ATSPI_ROLE_TREE_ITEM" nick="tree-item" value="91"/>
    <member name="ATSPI_ROLE_DOCUMENT_SPREADSHEET" nick="document-spreadsheet" value="92"/>
    <member name="ATSPI_ROLE_DOCUMENT_PRESENTATION" nick="document-presentation" value="93"/>
    <member name="ATSPI_ROLE_DOCUMENT_TEXT" nick="document-text" value="94"/>
    <member name="ATSPI_ROLE_DOCUMENT_WEB" nick="document-web" value="95"/>
    <member name="ATSPI_ROLE_DOCUMENT_EMAIL" nick="document-email" value="96"/>
    <member name="ATSPI_ROLE_COMMENT" nick="comment" value="97"/>
    <member name="ATSPI_ROLE_LIST_BOX" nick="list-box" value="98"/>
    <member name="ATSPI_ROLE_GROUPING" nick="grouping" value="99"/>
    <member name="ATSPI_ROLE_IMAGE_MAP" nick="image-map" value="100"/>
    <member name="ATSPI_ROLE_NOTIFICATION" nick="notification" value="101"/>
    <member name="ATSPI_ROLE_INFO_BAR" nick="info-bar" value="102"/>
    <member name="ATSPI_ROLE_LEVEL_BAR" nick="level-bar" value="103"/>
    <member name="ATSPI_ROLE_TITLE_BAR" nick="title-bar" value="104"/>
    <member name="ATSPI_ROLE_BLOCK_QUOTE" nick="block-quote" value="105"/>
    <member name="ATSPI_ROLE_AUDIO" nick="audio" value="106"/>
    <member name="ATSPI_ROLE_VIDEO" nick="video" value="107"/>
    <member name="ATSPI_ROLE_DEFINITION" nick="definition" value="108"/>
    <member name="ATSPI_ROLE_ARTICLE" nick="article" value="109"/>
    <member name="ATSPI_ROLE_LANDMARK" nick="landmark" value="110"/>
    <member name="ATSPI_ROLE_LOG" nick="log" value="111"/>
    <member name="ATSPI_ROLE_MARQUEE" nick="marquee" value="112"/>
    <member name="ATSPI_ROLE_MATH" nick="math" value="113"/>
    <member name="ATSPI_ROLE_RATING" nick="rating" value="114"/>
    <member name="ATSPI_ROLE_TIMER" nick="timer" value="115"/>
    <member name="ATSPI_ROLE_STATIC" nick="static" value="116"/>
    <member name="ATSPI_ROLE_MATH_FRACTION" nick="math-fraction" value="117"/>
    <member name="ATSPI_ROLE_MATH_ROOT" nick="math-root" value="118"/>
    <member name="ATSPI_ROLE_SUBSCRIPT" nick="subscript" value="119"/>
    <member name="ATSPI_ROLE_SUPERSCRIPT" nick="superscript" value="120"/>
    <member name="ATSPI_ROLE_DESCRIPTION_LIST" nick="description-list" value="121"/>
    <member name="ATSPI_ROLE_DESCRIPTION_TERM" nick="description-term" value="122"/>
    <member name="ATSPI_ROLE_DESCRIPTION_VALUE" nick="description-value" value="123"/>
    <member name="ATSPI_ROLE_FOOTNOTE" nick="footnote" value="124"/>
    <member name="ATSPI_ROLE_CONTENT_DELETION" nick="content-deletion" value="125"/>
    <member name="ATSPI_ROLE_CONTENT_INSERTION" nick="content-insertion" value="126"/>
    <member name="ATSPI_ROLE_MARK" nick="mark" value="127"/>
    <member name="ATSPI_ROLE_SUGGESTION" nick="suggestion" value="128"/>
    <member name="ATSPI_ROLE_PUSH_BUTTON_MENU" nick="push-button-menu" value="129"/>
    <member name="ATSPI_ROLE_SWITCH" nick="switch" value="130"/>
    <member name="ATSPI_ROLE_LAST_DEFINED" nick="last-defined" value="131"/>
    <member name="ATSPI_ROLE_PUSH_BUTTON" nick="push-button" value="43"/>
  </enum>  <flags name="AtspiCache" get-type="atspi_cache_get_type">
    <member name="ATSPI_CACHE_NONE" nick="none" value="0"/>
    <member name="ATSPI_CACHE_PARENT" nick="parent" value="1"/>
    <member name="ATSPI_CACHE_CHILDREN" nick="children" value="2"/>
    <member name="ATSPI_CACHE_NAME" nick="name" value="4"/>
    <member name="ATSPI_CACHE_DESCRIPTION" nick="description" value="8"/>
    <member name="ATSPI_CACHE_STATES" nick="states" value="16"/>
    <member name="ATSPI_CACHE_ROLE" nick="role" value="32"/>
    <member name="ATSPI_CACHE_INTERFACES" nick="interfaces" value="64"/>
    <member name="ATSPI_CACHE_ATTRIBUTES" nick="attributes" value="128"/>
    <member name="ATSPI_CACHE_ALL" nick="all" value="1073741823"/>
    <member name="ATSPI_CACHE_DEFAULT" nick="default" value="127"/>
    <member name="ATSPI_CACHE_UNDEFINED" nick="undefined" value="1073741824"/>
  </flags>
  <enum name="AtspiScrollType" get-type="atspi_scroll_type_get_type">
    <member name="ATSPI_SCROLL_TOP_LEFT" nick="top-left" value="0"/>
    <member name="ATSPI_SCROLL_BOTTOM_RIGHT" nick="bottom-right" value="1"/>
    <member name="ATSPI_SCROLL_TOP_EDGE" nick="top-edge" value="2"/>
    <member name="ATSPI_SCROLL_BOTTOM_EDGE" nick="bottom-edge" value="3"/>
    <member name="ATSPI_SCROLL_LEFT_EDGE" nick="left-edge" value="4"/>
    <member name="ATSPI_SCROLL_RIGHT_EDGE" nick="right-edge" value="5"/>
    <member name="ATSPI_SCROLL_ANYWHERE" nick="anywhere" value="6"/>
  </enum>  <enum name="AtspiLive" get-type="atspi_live_get_type">
    <member name="ATSPI_LIVE_NONE" nick="none" value="0"/>
    <member name="ATSPI_LIVE_POLITE" nick="polite" value="1"/>
    <member name="ATSPI_LIVE_ASSERTIVE" nick="assertive" value="2"/>
  </enum>  <flags name="AtspiKeyListenerSyncType" get-type="atspi_key_listener_sync_type_get_type">
    <member name="ATSPI_KEYLISTENER_NOSYNC" nick="nosync" value="0"/>
    <member name="ATSPI_KEYLISTENER_SYNCHRONOUS" nick="synchronous" value="1"/>
    <member name="ATSPI_KEYLISTENER_CANCONSUME" nick="canconsume" value="2"/>
    <member name="ATSPI_KEYLISTENER_ALL_WINDOWS" nick="all-windows" value="4"/>
  </flags>
  <class name="AtspiApplication" get-type="atspi_application_get_type" parents="GObject">
  </class>
  <class name="AtspiObject" get-type="atspi_object_get_type" parents="GObject">
  </class>
  <class name="AtspiStateSet" get-type="atspi_state_set_get_type" parents="GObject">
  </class>
  <class name="AtspiAccessible" get-type="atspi_accessible_get_type" parents="AtspiObject,GObject">
    <implements name="AtspiAction"/>
    <implements name="AtspiCollection"/>
    <implements name="AtspiComponent"/>
    <implements name="AtspiDocument"/>
    <implements name="AtspiEditableText"/>
    <implements name="AtspiHypertext"/>
    <implements name="AtspiImage"/>
    <implements name="AtspiSelection"/>
    <implements name="AtspiTable"/>
    <implements name="AtspiTableCell"/>
    <implements name="AtspiText"/>
    <implements name="AtspiValue"/>
    <signal name="region-changed" return="void" when="last">
      <param type="gint"/>
      <param type="gint"/>
    </signal>
    <signal name="mode-changed" return="void" when="last" detailed="1">
      <param type="gint"/>
      <param type="gchararray"/>
    </signal>
  </class>
  <interface name="AtspiAction" get-type="atspi_action_get_type">
  </interface>
  <class name="AtspiMatchRule" get-type="atspi_match_rule_get_type" parents="GObject">
  </class>
  <interface name="AtspiCollection" get-type="atspi_collection_get_type">
  </interface>
  <boxed name="AtspiRect" get-type="atspi_rect_get_type"/>
  <boxed name="AtspiPoint" get-type="atspi_point_get_type"/>
  <interface name="AtspiComponent" get-type="atspi_component_get_type">
  </interface>
  <boxed name="AtspiDeviceEvent" get-type="atspi_device_event_get_type"/>
  <class name="AtspiDeviceListener" get-type="atspi_device_listener_get_type" parents="GObject">
  </class>
  <interface name="AtspiDocument" get-type="atspi_document_get_type">
  </interface>
  <interface name="AtspiEditableText" get-type="atspi_editable_text_get_type">
  </interface>
  <boxed name="AtspiEvent" get-type="atspi_event_get_type"/>
  <class name="AtspiEventListener" get-type="atspi_event_listener_get_type" parents="GObject">
  </class>
  <boxed name="AtspiRange" get-type="atspi_range_get_type"/>
  <interface name="AtspiText" get-type="atspi_text_get_type">
  </interface>
  <boxed name="AtspiTextRange" get-type="atspi_text_range_get_type"/>
  <class name="AtspiHyperlink" get-type="atspi_hyperlink_get_type" parents="AtspiObject,GObject">
  </class>
  <interface name="AtspiHypertext" get-type="atspi_hypertext_get_type">
  </interface>
  <interface name="AtspiImage" get-type="atspi_image_get_type">
  </interface>
  <boxed name="AtspiKeyDefinition" get-type="atspi_key_definition_get_type"/>
  <class name="AtspiRelation" get-type="atspi_relation_get_type" parents="GObject">
  </class>
  <interface name="AtspiSelection" get-type="atspi_selection_get_type">
  </interface>
  <interface name="AtspiTableCell" get-type="atspi_table_cell_get_type">
  </interface>
  <interface name="AtspiTable" get-type="atspi_table_get_type">
  </interface>
  <interface name="AtspiValue" get-type="atspi_value_get_type">
  </interface>
  <class name="AtspiDevice" get-type="atspi_device_get_type" parents="GObject">
    <property name="app-id" type="gchararray" flags="235" default-value="NULL"/>
  </class>
  <class name="AtspiDeviceA11yManager" get-type="atspi_device_a11y_manager_get_type" parents="AtspiDevice,GObject">
    <property name="session-bus" type="GDBusConnection" flags="235"/>
    <property name="keyboard-monitor" type="GDBusProxy" flags="235"/>
  </class>
  <class name="AtspiDeviceLegacy" get-type="atspi_device_legacy_get_type" parents="AtspiDevice,GObject">
  </class>
  <class name="AtspiDeviceX11" get-type="atspi_device_x11_get_type" parents="AtspiDevice,GObject">
  </class>
</dump>
