<?xml version="1.0"?>
<dump>
  <class name="AscUnit" get-type="asc_unit_get_type" parents="GObject">
  </class>
  <class name="AscResult" get-type="asc_result_get_type" parents="GObject">
  </class>
  <class name="AscIconPolicy" get-type="asc_icon_policy_get_type" parents="GObject">
  </class>
  <class name="AscCompose" get-type="asc_compose_get_type" parents="GObject">
  </class>
  <class name="AscHint" get-type="asc_hint_get_type" parents="GObject">
  </class>
  <class name="AscDirectoryUnit" get-type="asc_directory_unit_get_type" parents="AscUnit,GObject">
  </class>
  <enum name="AscCanvasError" get-type="asc_canvas_error_get_type">
    <member name="ASC_CANVAS_ERROR_FAILED" nick="failed" value="0"/>
    <member name="ASC_CANVAS_ERROR_DRAWING" nick="drawing" value="1"/>
    <member name="ASC_CANVAS_ERROR_FONT" nick="font" value="2"/>
    <member name="ASC_CANVAS_ERROR_UNSUPPORTED" nick="unsupported" value="3"/>
  </enum>  <flags name="AscComposeFlags" get-type="asc_compose_flags_get_type">
    <member name="ASC_COMPOSE_FLAG_NONE" nick="none" value="0"/>
    <member name="ASC_COMPOSE_FLAG_USE_THREADS" nick="use-threads" value="1"/>
    <member name="ASC_COMPOSE_FLAG_ALLOW_NET" nick="allow-net" value="2"/>
    <member name="ASC_COMPOSE_FLAG_VALIDATE" nick="validate" value="4"/>
    <member name="ASC_COMPOSE_FLAG_STORE_SCREENSHOTS" nick="store-screenshots" value="8"/>
    <member name="ASC_COMPOSE_FLAG_ALLOW_SCREENCASTS" nick="allow-screencasts" value="16"/>
    <member name="ASC_COMPOSE_FLAG_PROCESS_FONTS" nick="process-fonts" value="32"/>
    <member name="ASC_COMPOSE_FLAG_PROCESS_TRANSLATIONS" nick="process-translations" value="64"/>
    <member name="ASC_COMPOSE_FLAG_IGNORE_ICONS" nick="ignore-icons" value="128"/>
    <member name="ASC_COMPOSE_FLAG_PROCESS_UNPAIRED_DESKTOP" nick="process-unpaired-desktop" value="256"/>
    <member name="ASC_COMPOSE_FLAG_PROPAGATE_CUSTOM" nick="propagate-custom" value="512"/>
    <member name="ASC_COMPOSE_FLAG_PROPAGATE_ARTIFACTS" nick="propagate-artifacts" value="1024"/>
    <member name="ASC_COMPOSE_FLAG_NO_FINAL_CHECK" nick="no-final-check" value="2048"/>
    <member name="ASC_COMPOSE_FLAG_NO_PARTIAL_URLS" nick="no-partial-urls" value="4096"/>
  </flags>
  <enum name="AscComposeError" get-type="asc_compose_error_get_type">
    <member name="ASC_COMPOSE_ERROR_FAILED" nick="failed" value="0"/>
  </enum>  <enum name="AscIconState" get-type="asc_icon_state_get_type">
    <member name="ASC_ICON_STATE_IGNORED" nick="ignored" value="0"/>
    <member name="ASC_ICON_STATE_CACHED_REMOTE" nick="cached-remote" value="1"/>
    <member name="ASC_ICON_STATE_CACHED_ONLY" nick="cached-only" value="2"/>
    <member name="ASC_ICON_STATE_REMOTE_ONLY" nick="remote-only" value="3"/>
  </enum>  <flags name="AscImageSaveFlags" get-type="asc_image_save_flags_get_type">
    <member name="ASC_IMAGE_SAVE_FLAG_NONE" nick="none" value="0"/>
    <member name="ASC_IMAGE_SAVE_FLAG_OPTIMIZE" nick="optimize" value="1"/>
    <member name="ASC_IMAGE_SAVE_FLAG_PAD_16_9" nick="pad-16-9" value="2"/>
    <member name="ASC_IMAGE_SAVE_FLAG_SHARPEN" nick="sharpen" value="4"/>
    <member name="ASC_IMAGE_SAVE_FLAG_BLUR" nick="blur" value="8"/>
  </flags>
  <flags name="AscImageLoadFlags" get-type="asc_image_load_flags_get_type">
    <member name="ASC_IMAGE_LOAD_FLAG_NONE" nick="none" value="0"/>
    <member name="ASC_IMAGE_LOAD_FLAG_SHARPEN" nick="sharpen" value="1"/>
    <member name="ASC_IMAGE_LOAD_FLAG_ALLOW_UNSUPPORTED" nick="allow-unsupported" value="2"/>
    <member name="ASC_IMAGE_LOAD_FLAG_ALWAYS_RESIZE" nick="always-resize" value="4"/>
  </flags>
  <enum name="AscImageFormat" get-type="asc_image_format_get_type">
    <member name="ASC_IMAGE_FORMAT_UNKNOWN" nick="unknown" value="0"/>
    <member name="ASC_IMAGE_FORMAT_PNG" nick="png" value="1"/>
    <member name="ASC_IMAGE_FORMAT_JPEG" nick="jpeg" value="2"/>
    <member name="ASC_IMAGE_FORMAT_GIF" nick="gif" value="3"/>
    <member name="ASC_IMAGE_FORMAT_SVG" nick="svg" value="4"/>
    <member name="ASC_IMAGE_FORMAT_SVGZ" nick="svgz" value="5"/>
    <member name="ASC_IMAGE_FORMAT_WEBP" nick="webp" value="6"/>
    <member name="ASC_IMAGE_FORMAT_AVIF" nick="avif" value="7"/>
    <member name="ASC_IMAGE_FORMAT_XPM" nick="xpm" value="8"/>
  </enum>  <enum name="AscImageError" get-type="asc_image_error_get_type">
    <member name="ASC_IMAGE_ERROR_FAILED" nick="failed" value="0"/>
    <member name="ASC_IMAGE_ERROR_UNSUPPORTED" nick="unsupported" value="1"/>
  </enum>  <class name="AscImage" get-type="asc_image_get_type" parents="GObject">
  </class>
  <class name="AscCanvas" get-type="asc_canvas_get_type" parents="GObject">
  </class>
  <error-quark function="asc_compose_error_quark" domain="AscComposeError"/>
  <error-quark function="asc_image_error_quark" domain="AscImageError"/>
  <error-quark function="asc_canvas_error_quark" domain="AscCanvasError"/>
</dump>
